ind,id,uuid_user,sensor_type,sensor_data,scan_time,upload_time,timestamp,date,scan_time_2,upload_time_2,MacAddress,NameSpaceId,NameSpaceShort,NS2,floor,time_spent,trip,location_z,location_floor
27498964,1422588,4b5613d41da55b0a,beacon,MacAddress : F8:CD:AE:9E:8F:14; RSSI : -84; Extra : Discovered,1613897774026,1613897954000,2021-02-21 16:56:14,02/21/2021,2021-02-21 16:56:14.026,2021-02-21 16:59:14.000,F8:CD:AE:9E:8F,f7826da6bc5b71e00806,0806,0806,08,-1.0,0,L8_R2_LL,8
27499056,1422591,4b5613d41da55b0a,beacon,"MacAddress : F8:CD:AE:9E:8F:12; RSSI : -84; Extra : tm_temp=24,tm_ll=0,state=Updated",1613897776673,1613897954000,2021-02-21 16:56:16,02/21/2021,2021-02-21 16:56:16.673,2021-02-21 16:59:14.000,F8:CD:AE:9E:8F,f7826da6bc5b71e00806,0806,0806,08,0.044116666666666665,0,L8_R2_LL,8
27499086,1422593,4b5613d41da55b0a,beacon,MacAddress : F8:CD:AE:9E:8F:14; RSSI : -83; Extra : Updated,1613897777580,1613897954000,2021-02-21 16:56:17,02/21/2021,2021-02-21 16:56:17.580,2021-02-21 16:59:14.000,F8:CD:AE:9E:8F,f7826da6bc5b71e00806,0806,0806,08,0.015116666666666669,0,L8_R2_LL,8
27499341,1422601,4b5613d41da55b0a,beacon,MacAddress : F8:CD:AE:9E:8F:14; RSSI : -81; Extra : ,1613897785104,1613897954000,2021-02-21 16:56:25,02/21/2021,2021-02-21 16:56:25.104,2021-02-21 16:59:14.000,F8:CD:AE:9E:8F,f7826da6bc5b71e00806,0806,0806,08,0.1254,0,L8_R2_LL,8
27499382,1422603,4b5613d41da55b0a,beacon,MacAddress : F8:CD:AE:9E:8F:14; RSSI : -85; Extra : ,1613897786210,1613897954000,2021-02-21 16:56:26,02/21/2021,2021-02-21 16:56:26.210,2021-02-21 16:59:14.000,F8:CD:AE:9E:8F,f7826da6bc5b71e00806,0806,0806,08,0.018433333333333336,0,L8_R2_LL,8
27499420,1422605,4b5613d41da55b0a,beacon,MacAddress : F8:CD:AE:9E:8F:14; RSSI : -92; Extra : ,1613897787310,1613897954000,2021-02-21 16:56:27,02/21/2021,2021-02-21 16:56:27.310,2021-02-21 16:59:14.000,F8:CD:AE:9E:8F,f7826da6bc5b71e00806,0806,0806,08,0.01833333333333333,0,L8_R2_LL,8
27499460,1422608,4b5613d41da55b0a,beacon,MacAddress : F8:CD:AE:9E:8F:14; RSSI : -85; Extra : ,1613897788418,1613897954000,2021-02-21 16:56:28,02/21/2021,2021-02-21 16:56:28.418,2021-02-21 16:59:14.000,F8:CD:AE:9E:8F,f7826da6bc5b71e00806,0806,0806,08,0.01846666666666667,0,L8_R2_LL,8
27499497,1422610,4b5613d41da55b0a,beacon,MacAddress : F8:CD:AE:9E:8F:14; RSSI : -85; Extra : ,1613897789522,1613897954000,2021-02-21 16:56:29,02/21/2021,2021-02-21 16:56:29.522,2021-02-21 16:59:14.000,F8:CD:AE:9E:8F,f7826da6bc5b71e00806,0806,0806,08,0.018400000000000003,0,L8_R2_LL,8
27499533,1422612,4b5613d41da55b0a,beacon,MacAddress : F8:CD:AE:9E:8F:14; RSSI : -82; Extra : ,1613897790643,1613897954000,2021-02-21 16:56:30,02/21/2021,2021-02-21 16:56:30.643,2021-02-21 16:59:14.000,F8:CD:AE:9E:8F,f7826da6bc5b71e00806,0806,0806,08,0.01868333333333333,0,L8_R2_LL,8
27499643,1422616,4b5613d41da55b0a,beacon,MacAddress : F8:CD:AE:9E:8F:14; RSSI : -82; Extra : ,1613897793889,1613897954000,2021-02-21 16:56:33,02/21/2021,2021-02-21 16:56:33.889,2021-02-21 16:59:14.000,F8:CD:AE:9E:8F,f7826da6bc5b71e00806,0806,0806,08,0.0541,0,L8_R2_LL,8
27499679,1422618,4b5613d41da55b0a,beacon,MacAddress : F8:CD:AE:9E:8F:14; RSSI : -83; Extra : ,1613897794982,1613897954000,2021-02-21 16:56:34,02/21/2021,2021-02-21 16:56:34.982,2021-02-21 16:59:14.000,F8:CD:AE:9E:8F,f7826da6bc5b71e00806,0806,0806,08,0.018216666666666662,0,L8_R2_LL,8
27499817,1422623,4b5613d41da55b0a,beacon,MacAddress : F8:CD:AE:9E:8F:14; RSSI : -85; Extra : ,1613897799432,1613897954000,2021-02-21 16:56:39,02/21/2021,2021-02-21 16:56:39.432,2021-02-21 16:59:14.000,F8:CD:AE:9E:8F,f7826da6bc5b71e00806,0806,0806,08,0.07416666666666667,0,L8_R2_LL,8
27499888,1422626,4b5613d41da55b0a,beacon,MacAddress : F8:CD:AE:9E:8F:14; RSSI : -88; Extra : ,1613897801645,1613897954000,2021-02-21 16:56:41,02/21/2021,2021-02-21 16:56:41.645,2021-02-21 16:59:14.000,F8:CD:AE:9E:8F,f7826da6bc5b71e00806,0806,0806,08,0.03688333333333334,0,L8_R2_LL,8
27500066,1422633,4b5613d41da55b0a,beacon,MacAddress : F8:CD:AE:9E:8F:14; RSSI : -83; Extra : ,1613897807222,1613897954000,2021-02-21 16:56:47,02/21/2021,2021-02-21 16:56:47.222,2021-02-21 16:59:14.000,F8:CD:AE:9E:8F,f7826da6bc5b71e00806,0806,0806,08,0.09295,0,L8_R2_LL,8
27500149,1422637,4b5613d41da55b0a,beacon,MacAddress : F8:CD:AE:9E:8F:14; RSSI : -88; Extra : ,1613897810573,1613897954000,2021-02-21 16:56:50,02/21/2021,2021-02-21 16:56:50.573,2021-02-21 16:59:14.000,F8:CD:AE:9E:8F,f7826da6bc5b71e00806,0806,0806,08,0.05585,0,L8_R2_LL,8
27500153,1422638,4b5613d41da55b0a,beacon,"MacAddress : F8:CD:AE:9E:8F:12; RSSI : -87; Extra : tm_temp=25,tm_ll=0,state=Discovered",1613897810664,1613897954000,2021-02-21 16:56:50,02/21/2021,2021-02-21 16:56:50.664,2021-02-21 16:59:14.000,F8:CD:AE:9E:8F,f7826da6bc5b71e00806,0806,0806,08,0.0015166666666666664,0,L8_R2_LL,8
27500240,1422642,4b5613d41da55b0a,beacon,MacAddress : F8:CD:AE:9E:8F:14; RSSI : -95; Extra : ,1613897813932,1613897954000,2021-02-21 16:56:53,02/21/2021,2021-02-21 16:56:53.932,2021-02-21 16:59:14.000,F8:CD:AE:9E:8F,f7826da6bc5b71e00806,0806,0806,08,0.05446666666666666,0,L8_R2_LL,8
27500404,1422648,4b5613d41da55b0a,beacon,MacAddress : F8:CD:AE:9E:8F:14; RSSI : -78; Extra : ,1613897818404,1613897954000,2021-02-21 16:56:58,02/21/2021,2021-02-21 16:56:58.404,2021-02-21 16:59:14.000,F8:CD:AE:9E:8F,f7826da6bc5b71e00806,0806,0806,08,0.07453333333333334,0,L8_R2_LL,8
27500529,1422652,4b5613d41da55b0a,beacon,MacAddress : F8:CD:AE:9E:8F:14; RSSI : -81; Extra : ,1613897821756,1613897954000,2021-02-21 16:57:01,02/21/2021,2021-02-21 16:57:01.756,2021-02-21 16:59:14.000,F8:CD:AE:9E:8F,f7826da6bc5b71e00806,0806,0806,08,0.05586666666666666,0,L8_R2_LL,8
27500564,1422654,4b5613d41da55b0a,beacon,MacAddress : F8:CD:AE:9E:8F:14; RSSI : -85; Extra : ,1613897822895,1613897954000,2021-02-21 16:57:02,02/21/2021,2021-02-21 16:57:02.895,2021-02-21 16:59:14.000,F8:CD:AE:9E:8F,f7826da6bc5b71e00806,0806,0806,08,0.01898333333333333,0,L8_R2_LL,8
27500601,1422656,4b5613d41da55b0a,beacon,MacAddress : F8:CD:AE:9E:8F:14; RSSI : -86; Extra : ,1613897823998,1613897954000,2021-02-21 16:57:03,02/21/2021,2021-02-21 16:57:03.998,2021-02-21 16:59:14.000,F8:CD:AE:9E:8F,f7826da6bc5b71e00806,0806,0806,08,0.01838333333333333,0,L8_R2_LL,8
27500632,1422658,4b5613d41da55b0a,beacon,MacAddress : F8:CD:AE:9E:8F:14; RSSI : -86; Extra : ,1613897825112,1613897954000,2021-02-21 16:57:05,02/21/2021,2021-02-21 16:57:05.112,2021-02-21 16:59:14.000,F8:CD:AE:9E:8F,f7826da6bc5b71e00806,0806,0806,08,0.01856666666666667,0,L8_R2_LL,8
27500658,1422660,4b5613d41da55b0a,beacon,MacAddress : F8:CD:AE:9E:8F:14; RSSI : -84; Extra : ,1613897826250,1613897954000,2021-02-21 16:57:06,02/21/2021,2021-02-21 16:57:06.250,2021-02-21 16:59:14.000,F8:CD:AE:9E:8F,f7826da6bc5b71e00806,0806,0806,08,0.018966666666666663,0,L8_R2_LL,8
27500691,1422662,4b5613d41da55b0a,beacon,MacAddress : F8:CD:AE:9E:8F:14; RSSI : -79; Extra : ,1613897827355,1613897954000,2021-02-21 16:57:07,02/21/2021,2021-02-21 16:57:07.355,2021-02-21 16:59:14.000,F8:CD:AE:9E:8F,f7826da6bc5b71e00806,0806,0806,08,0.018416666666666668,0,L8_R2_LL,8
27500738,1422664,4b5613d41da55b0a,beacon,MacAddress : F8:CD:AE:9E:8F:14; RSSI : -78; Extra : ,1613897828455,1613897954000,2021-02-21 16:57:08,02/21/2021,2021-02-21 16:57:08.455,2021-02-21 16:59:14.000,F8:CD:AE:9E:8F,f7826da6bc5b71e00806,0806,0806,08,0.01833333333333333,0,L8_R2_LL,8
27500771,1422666,4b5613d41da55b0a,beacon,MacAddress : F8:CD:AE:9E:8F:14; RSSI : -77; Extra : ,1613897829579,1613897954000,2021-02-21 16:57:09,02/21/2021,2021-02-21 16:57:09.579,2021-02-21 16:59:14.000,F8:CD:AE:9E:8F,f7826da6bc5b71e00806,0806,0806,08,0.01873333333333333,0,L8_R2_LL,8
27500803,1422668,4b5613d41da55b0a,beacon,MacAddress : F8:CD:AE:9E:8F:14; RSSI : -83; Extra : ,1613897830676,1613897954000,2021-02-21 16:57:10,02/21/2021,2021-02-21 16:57:10.676,2021-02-21 16:59:14.000,F8:CD:AE:9E:8F,f7826da6bc5b71e00806,0806,0806,08,0.01828333333333333,0,L8_R2_LL,8
27500836,1422670,4b5613d41da55b0a,beacon,MacAddress : F8:CD:AE:9E:8F:14; RSSI : -85; Extra : ,1613897831789,1613897954000,2021-02-21 16:57:11,02/21/2021,2021-02-21 16:57:11.789,2021-02-21 16:59:14.000,F8:CD:AE:9E:8F,f7826da6bc5b71e00806,0806,0806,08,0.01855,0,L8_R2_LL,8
27500871,1422672,4b5613d41da55b0a,beacon,MacAddress : F8:CD:AE:9E:8F:14; RSSI : -81; Extra : ,1613897832916,1613897954000,2021-02-21 16:57:12,02/21/2021,2021-02-21 16:57:12.916,2021-02-21 16:59:14.000,F8:CD:AE:9E:8F,f7826da6bc5b71e00806,0806,0806,08,0.01878333333333333,0,L8_R2_LL,8
27500910,1422674,4b5613d41da55b0a,beacon,MacAddress : F8:CD:AE:9E:8F:14; RSSI : -82; Extra : ,1613897834031,1613897954000,2021-02-21 16:57:14,02/21/2021,2021-02-21 16:57:14.031,2021-02-21 16:59:14.000,F8:CD:AE:9E:8F,f7826da6bc5b71e00806,0806,0806,08,0.01858333333333333,0,L8_R2_LL,8
27500947,1422676,4b5613d41da55b0a,beacon,MacAddress : F8:CD:AE:9E:8F:14; RSSI : -77; Extra : ,1613897835164,1613897954000,2021-02-21 16:57:15,02/21/2021,2021-02-21 16:57:15.164,2021-02-21 16:59:14.000,F8:CD:AE:9E:8F,f7826da6bc5b71e00806,0806,0806,08,0.01888333333333333,0,L8_R2_LL,8
27500982,1422678,4b5613d41da55b0a,beacon,MacAddress : F8:CD:AE:9E:8F:14; RSSI : -77; Extra : ,1613897836282,1613897954000,2021-02-21 16:57:16,02/21/2021,2021-02-21 16:57:16.282,2021-02-21 16:59:14.000,F8:CD:AE:9E:8F,f7826da6bc5b71e00806,0806,0806,08,0.01863333333333333,0,L8_R2_LL,8
27501024,1422680,4b5613d41da55b0a,beacon,MacAddress : F8:CD:AE:9E:8F:14; RSSI : -77; Extra : ,1613897837385,1613897954000,2021-02-21 16:57:17,02/21/2021,2021-02-21 16:57:17.385,2021-02-21 16:59:14.000,F8:CD:AE:9E:8F,f7826da6bc5b71e00806,0806,0806,08,0.01838333333333333,0,L8_R2_LL,8
27501052,1422682,4b5613d41da55b0a,beacon,MacAddress : F8:CD:AE:9E:8F:14; RSSI : -98; Extra : ,1613897838486,1613897954000,2021-02-21 16:57:18,02/21/2021,2021-02-21 16:57:18.486,2021-02-21 16:59:14.000,F8:CD:AE:9E:8F,f7826da6bc5b71e00806,0806,0806,08,0.01835,0,L8_R2_LL,8
27501078,1422684,4b5613d41da55b0a,beacon,MacAddress : F8:CD:AE:9E:8F:14; RSSI : -93; Extra : ,1613897839595,1613897954000,2021-02-21 16:57:19,02/21/2021,2021-02-21 16:57:19.595,2021-02-21 16:59:14.000,F8:CD:AE:9E:8F,f7826da6bc5b71e00806,0806,0806,08,0.01848333333333333,0,L8_R2_LL,8
27501105,1422687,4b5613d41da55b0a,beacon,MacAddress : F8:CD:AE:9E:8F:14; RSSI : -93; Extra : ,1613897840749,1613897954000,2021-02-21 16:57:20,02/21/2021,2021-02-21 16:57:20.749,2021-02-21 16:59:14.000,F8:CD:AE:9E:8F,f7826da6bc5b71e00806,0806,0806,08,0.01923333333333333,0,L8_R2_LL,8
27501132,1422689,4b5613d41da55b0a,beacon,MacAddress : F8:CD:AE:9E:8F:14; RSSI : -94; Extra : ,1613897841833,1613897954000,2021-02-21 16:57:21,02/21/2021,2021-02-21 16:57:21.833,2021-02-21 16:59:14.000,F8:CD:AE:9E:8F,f7826da6bc5b71e00806,0806,0806,08,0.01806666666666667,0,L8_R2_LL,8
27501156,1422691,4b5613d41da55b0a,beacon,MacAddress : F8:CD:AE:9E:8F:14; RSSI : -84; Extra : ,1613897842957,1613897954000,2021-02-21 16:57:22,02/21/2021,2021-02-21 16:57:22.957,2021-02-21 16:59:14.000,F8:CD:AE:9E:8F,f7826da6bc5b71e00806,0806,0806,08,0.01873333333333333,0,L8_R2_LL,8
27501196,1422693,4b5613d41da55b0a,beacon,MacAddress : F8:CD:AE:9E:8F:14; RSSI : -83; Extra : ,1613897844058,1613897954000,2021-02-21 16:57:24,02/21/2021,2021-02-21 16:57:24.058,2021-02-21 16:59:14.000,F8:CD:AE:9E:8F,f7826da6bc5b71e00806,0806,0806,08,0.01835,0,L8_R2_LL,8
27501233,1422695,4b5613d41da55b0a,beacon,MacAddress : F8:CD:AE:9E:8F:14; RSSI : -83; Extra : ,1613897845173,1613897954000,2021-02-21 16:57:25,02/21/2021,2021-02-21 16:57:25.173,2021-02-21 16:59:14.000,F8:CD:AE:9E:8F,f7826da6bc5b71e00806,0806,0806,08,0.01858333333333333,0,L8_R2_LL,8
27501272,1422697,4b5613d41da55b0a,beacon,MacAddress : F8:CD:AE:9E:8F:14; RSSI : -82; Extra : ,1613897846309,1613897954000,2021-02-21 16:57:26,02/21/2021,2021-02-21 16:57:26.309,2021-02-21 16:59:14.000,F8:CD:AE:9E:8F,f7826da6bc5b71e00806,0806,0806,08,0.01893333333333333,0,L8_R2_LL,8
27501307,1422699,4b5613d41da55b0a,beacon,MacAddress : F8:CD:AE:9E:8F:14; RSSI : -82; Extra : ,1613897847400,1613897954000,2021-02-21 16:57:27,02/21/2021,2021-02-21 16:57:27.400,2021-02-21 16:59:14.000,F8:CD:AE:9E:8F,f7826da6bc5b71e00806,0806,0806,08,0.018183333333333333,0,L8_R2_LL,8
27501344,1422701,4b5613d41da55b0a,beacon,MacAddress : F8:CD:AE:9E:8F:14; RSSI : -82; Extra : ,1613897848515,1613897954000,2021-02-21 16:57:28,02/21/2021,2021-02-21 16:57:28.515,2021-02-21 16:59:14.000,F8:CD:AE:9E:8F,f7826da6bc5b71e00806,0806,0806,08,0.01858333333333333,0,L8_R2_LL,8
27501381,1422703,4b5613d41da55b0a,beacon,MacAddress : F8:CD:AE:9E:8F:14; RSSI : -81; Extra : ,1613897849625,1613897954000,2021-02-21 16:57:29,02/21/2021,2021-02-21 16:57:29.625,2021-02-21 16:59:14.000,F8:CD:AE:9E:8F,f7826da6bc5b71e00806,0806,0806,08,0.018500000000000003,0,L8_R2_LL,8
27501420,1422705,4b5613d41da55b0a,beacon,MacAddress : F8:CD:AE:9E:8F:14; RSSI : -92; Extra : ,1613897850742,1613897954000,2021-02-21 16:57:30,02/21/2021,2021-02-21 16:57:30.742,2021-02-21 16:59:14.000,F8:CD:AE:9E:8F,f7826da6bc5b71e00806,0806,0806,08,0.01861666666666667,0,L8_R2_LL,8
27501463,1422707,4b5613d41da55b0a,beacon,MacAddress : F8:CD:AE:9E:8F:14; RSSI : -91; Extra : ,1613897851858,1613897954000,2021-02-21 16:57:31,02/21/2021,2021-02-21 16:57:31.858,2021-02-21 16:59:14.000,F8:CD:AE:9E:8F,f7826da6bc5b71e00806,0806,0806,08,0.0186,0,L8_R2_LL,8
27501507,1422709,4b5613d41da55b0a,beacon,MacAddress : F8:CD:AE:9E:8F:14; RSSI : -90; Extra : ,1613897852989,1613897954000,2021-02-21 16:57:32,02/21/2021,2021-02-21 16:57:32.989,2021-02-21 16:59:14.000,F8:CD:AE:9E:8F,f7826da6bc5b71e00806,0806,0806,08,0.01885,0,L8_R2_LL,8
27501541,1422711,4b5613d41da55b0a,beacon,MacAddress : F8:CD:AE:9E:8F:14; RSSI : -94; Extra : ,1613897854082,1613897954000,2021-02-21 16:57:34,02/21/2021,2021-02-21 16:57:34.082,2021-02-21 16:59:14.000,F8:CD:AE:9E:8F,f7826da6bc5b71e00806,0806,0806,08,0.018216666666666662,0,L8_R2_LL,8
27501578,1422713,4b5613d41da55b0a,beacon,MacAddress : F8:CD:AE:9E:8F:14; RSSI : -82; Extra : ,1613897855200,1613897954000,2021-02-21 16:57:35,02/21/2021,2021-02-21 16:57:35.200,2021-02-21 16:59:14.000,F8:CD:AE:9E:8F,f7826da6bc5b71e00806,0806,0806,08,0.01863333333333333,0,L8_R2_LL,8
27501615,1422715,4b5613d41da55b0a,beacon,MacAddress : F8:CD:AE:9E:8F:14; RSSI : -82; Extra : ,1613897856309,1613897954000,2021-02-21 16:57:36,02/21/2021,2021-02-21 16:57:36.309,2021-02-21 16:59:14.000,F8:CD:AE:9E:8F,f7826da6bc5b71e00806,0806,0806,08,0.01848333333333333,0,L8_R2_LL,8
27501653,1422718,4b5613d41da55b0a,beacon,MacAddress : F8:CD:AE:9E:8F:14; RSSI : -84; Extra : ,1613897857460,1613897954000,2021-02-21 16:57:37,02/21/2021,2021-02-21 16:57:37.460,2021-02-21 16:59:14.000,F8:CD:AE:9E:8F,f7826da6bc5b71e00806,0806,0806,08,0.01918333333333333,0,L8_R2_LL,8
27501729,1422721,4b5613d41da55b0a,beacon,MacAddress : F8:CD:AE:9E:8F:14; RSSI : -91; Extra : ,1613897859577,1613897954000,2021-02-21 16:57:39,02/21/2021,2021-02-21 16:57:39.577,2021-02-21 16:59:14.000,F8:CD:AE:9E:8F,f7826da6bc5b71e00806,0806,0806,08,0.03528333333333333,0,L8_R2_LL,8
27501769,1422723,4b5613d41da55b0a,beacon,MacAddress : F8:CD:AE:9E:8F:14; RSSI : -92; Extra : ,1613897860704,1613897954000,2021-02-21 16:57:40,02/21/2021,2021-02-21 16:57:40.704,2021-02-21 16:59:14.000,F8:CD:AE:9E:8F,f7826da6bc5b71e00806,0806,0806,08,0.01878333333333333,0,L8_R2_LL,8
27501821,1422725,4b5613d41da55b0a,beacon,MacAddress : F8:CD:AE:9E:8F:14; RSSI : -99; Extra : ,1613897861823,1613897954000,2021-02-21 16:57:41,02/21/2021,2021-02-21 16:57:41.823,2021-02-21 16:59:14.000,F8:CD:AE:9E:8F,f7826da6bc5b71e00806,0806,0806,08,0.01865,0,L8_R2_LL,8
27501857,1422727,4b5613d41da55b0a,beacon,MacAddress : F8:CD:AE:9E:8F:14; RSSI : -93; Extra : ,1613897862929,1613897954000,2021-02-21 16:57:42,02/21/2021,2021-02-21 16:57:42.929,2021-02-21 16:59:14.000,F8:CD:AE:9E:8F,f7826da6bc5b71e00806,0806,0806,08,0.018433333333333336,0,L8_R2_LL,8
27501865,1422728,4b5613d41da55b0a,beacon,"MacAddress : F8:CD:AE:9E:8F:12; RSSI : -91; Extra : tm_temp=24,tm_ll=0,state=Discovered",1613897863135,1613897954000,2021-02-21 16:57:43,02/21/2021,2021-02-21 16:57:43.135,2021-02-21 16:59:14.000,F8:CD:AE:9E:8F,f7826da6bc5b71e00806,0806,0806,08,0.003433333333333333,0,L8_R2_LL,8
27501891,1422730,4b5613d41da55b0a,beacon,MacAddress : F8:CD:AE:9E:8F:14; RSSI : -85; Extra : ,1613897863991,1613897954000,2021-02-21 16:57:43,02/21/2021,2021-02-21 16:57:43.991,2021-02-21 16:59:14.000,F8:CD:AE:9E:8F,f7826da6bc5b71e00806,0806,0806,08,0.014266666666666669,0,L8_R2_LL,8
27501923,1422732,4b5613d41da55b0a,beacon,MacAddress : F8:CD:AE:9E:8F:14; RSSI : -94; Extra : Discovered,1613897865318,1613897954000,2021-02-21 16:57:45,02/21/2021,2021-02-21 16:57:45.318,2021-02-21 16:59:14.000,F8:CD:AE:9E:8F,f7826da6bc5b71e00806,0806,0806,08,0.022116666666666663,0,L8_R2_LL,8
27501978,1422735,4b5613d41da55b0a,beacon,MacAddress : F8:CD:AE:9E:8F:14; RSSI : -88; Extra : ,1613897867224,1613897954000,2021-02-21 16:57:47,02/21/2021,2021-02-21 16:57:47.224,2021-02-21 16:59:14.000,F8:CD:AE:9E:8F,f7826da6bc5b71e00806,0806,0806,08,0.031766666666666665,0,L8_R2_LL,8
27502022,1422737,4b5613d41da55b0a,beacon,MacAddress : F8:CD:AE:9E:8F:14; RSSI : -85; Extra : ,1613897868327,1613897954000,2021-02-21 16:57:48,02/21/2021,2021-02-21 16:57:48.327,2021-02-21 16:59:14.000,F8:CD:AE:9E:8F,f7826da6bc5b71e00806,0806,0806,08,0.01838333333333333,0,L8_R2_LL,8
27502209,1422743,4b5613d41da55b0a,beacon,MacAddress : F8:CD:AE:9E:8F:14; RSSI : -80; Extra : ,1613897873950,1613897954000,2021-02-21 16:57:53,02/21/2021,2021-02-21 16:57:53.950,2021-02-21 16:59:14.000,F8:CD:AE:9E:8F,f7826da6bc5b71e00806,0806,0806,08,0.09371666666666667,0,L8_R2_LL,8
27502246,1422745,4b5613d41da55b0a,beacon,MacAddress : F8:CD:AE:9E:8F:14; RSSI : -83; Extra : ,1613897875049,1613897954000,2021-02-21 16:57:55,02/21/2021,2021-02-21 16:57:55.049,2021-02-21 16:59:14.000,F8:CD:AE:9E:8F,f7826da6bc5b71e00806,0806,0806,08,0.01831666666666666,0,L8_R2_LL,8
27502317,1422748,4b5613d41da55b0a,beacon,MacAddress : F8:CD:AE:9E:8F:14; RSSI : -82; Extra : ,1613897877290,1613897954000,2021-02-21 16:57:57,02/21/2021,2021-02-21 16:57:57.290,2021-02-21 16:59:14.000,F8:CD:AE:9E:8F,f7826da6bc5b71e00806,0806,0806,08,0.03735,0,L8_R2_LL,8
27502357,1422751,4b5613d41da55b0a,beacon,MacAddress : F8:CD:AE:9E:8F:14; RSSI : -91; Extra : ,1613897878510,1613897954000,2021-02-21 16:57:58,02/21/2021,2021-02-21 16:57:58.510,2021-02-21 16:59:14.000,F8:CD:AE:9E:8F,f7826da6bc5b71e00806,0806,0806,08,0.02033333333333333,0,L8_R2_LL,8
27502570,1422758,4b5613d41da55b0a,beacon,MacAddress : F8:CD:AE:9E:8F:14; RSSI : -91; Extra : ,1613897885156,1613897954000,2021-02-21 16:58:05,02/21/2021,2021-02-21 16:58:05.156,2021-02-21 16:59:14.000,F8:CD:AE:9E:8F,f7826da6bc5b71e00806,0806,0806,08,0.11076666666666668,0,L8_R2_LL,8
27502608,1422760,4b5613d41da55b0a,beacon,MacAddress : F8:CD:AE:9E:8F:14; RSSI : -88; Extra : ,1613897886270,1613897954000,2021-02-21 16:58:06,02/21/2021,2021-02-21 16:58:06.270,2021-02-21 16:59:14.000,F8:CD:AE:9E:8F,f7826da6bc5b71e00806,0806,0806,08,0.01856666666666667,0,L8_R2_LL,8
27502635,1422762,4b5613d41da55b0a,beacon,MacAddress : F8:CD:AE:9E:8F:14; RSSI : -89; Extra : ,1613897887407,1613897954000,2021-02-21 16:58:07,02/21/2021,2021-02-21 16:58:07.407,2021-02-21 16:59:14.000,F8:CD:AE:9E:8F,f7826da6bc5b71e00806,0806,0806,08,0.01895,0,L8_R2_LL,8
27502658,1422764,4b5613d41da55b0a,beacon,MacAddress : F8:CD:AE:9E:8F:14; RSSI : -91; Extra : ,1613897888500,1613897954000,2021-02-21 16:58:08,02/21/2021,2021-02-21 16:58:08.500,2021-02-21 16:59:14.000,F8:CD:AE:9E:8F,f7826da6bc5b71e00806,0806,0806,08,0.018216666666666662,0,L8_R2_LL,8
27502690,1422766,4b5613d41da55b0a,beacon,MacAddress : F8:CD:AE:9E:8F:14; RSSI : -86; Extra : ,1613897889533,1613897954000,2021-02-21 16:58:09,02/21/2021,2021-02-21 16:58:09.533,2021-02-21 16:59:14.000,F8:CD:AE:9E:8F,f7826da6bc5b71e00806,0806,0806,08,0.01721666666666666,0,L8_R2_LL,8
27502841,1422774,4b5613d41da55b0a,beacon,"MacAddress : F8:CD:AE:9E:8F:12; RSSI : -84; Extra : tm_temp=25,tm_ll=0,state=Discovered",1613897896521,1613897954000,2021-02-21 16:58:16,02/21/2021,2021-02-21 16:58:16.521,2021-02-21 16:59:14.000,F8:CD:AE:9E:8F,f7826da6bc5b71e00806,0806,0806,08,0.11646666666666668,0,L8_R2_LL,8
27502845,1422775,4b5613d41da55b0a,beacon,MacAddress : F8:CD:AE:9E:8F:14; RSSI : -83; Extra : Discovered,1613897896587,1613897954000,2021-02-21 16:58:16,02/21/2021,2021-02-21 16:58:16.587,2021-02-21 16:59:14.000,F8:CD:AE:9E:8F,f7826da6bc5b71e00806,0806,0806,08,0.0011,0,L8_R2_LL,8
27502905,1422778,4b5613d41da55b0a,beacon,MacAddress : F8:CD:AE:9E:8F:14; RSSI : -88; Extra : Updated,1613897899022,1613897954000,2021-02-21 16:58:19,02/21/2021,2021-02-21 16:58:19.022,2021-02-21 16:59:14.000,F8:CD:AE:9E:8F,f7826da6bc5b71e00806,0806,0806,08,0.04058333333333333,0,L8_R2_LL,8
27502956,1422781,4b5613d41da55b0a,beacon,MacAddress : F8:CD:AE:9E:8F:14; RSSI : -86; Extra : ,1613897901563,1613897954000,2021-02-21 16:58:21,02/21/2021,2021-02-21 16:58:21.563,2021-02-21 16:59:14.000,F8:CD:AE:9E:8F,f7826da6bc5b71e00806,0806,0806,08,0.04235,0,L8_R2_LL,8
27503009,1422784,4b5613d41da55b0a,beacon,MacAddress : F8:CD:AE:9E:8F:14; RSSI : -91; Extra : ,1613897903787,1613897954000,2021-02-21 16:58:23,02/21/2021,2021-02-21 16:58:23.787,2021-02-21 16:59:14.000,F8:CD:AE:9E:8F,f7826da6bc5b71e00806,0806,0806,08,0.03706666666666667,0,L8_R2_LL,8
27503067,1422788,4b5613d41da55b0a,beacon,MacAddress : F8:CD:AE:9E:8F:14; RSSI : -87; Extra : ,1613897906053,1613897954000,2021-02-21 16:58:26,02/21/2021,2021-02-21 16:58:26.053,2021-02-21 16:59:14.000,F8:CD:AE:9E:8F,f7826da6bc5b71e00806,0806,0806,08,0.03776666666666666,0,L8_R2_LL,8
27503094,1422790,4b5613d41da55b0a,beacon,MacAddress : F8:CD:AE:9E:8F:14; RSSI : -87; Extra : ,1613897907162,1613897954000,2021-02-21 16:58:27,02/21/2021,2021-02-21 16:58:27.162,2021-02-21 16:59:14.000,F8:CD:AE:9E:8F,f7826da6bc5b71e00806,0806,0806,08,0.01848333333333333,0,L8_R2_LL,8
27503155,1422793,4b5613d41da55b0a,beacon,MacAddress : F8:CD:AE:9E:8F:14; RSSI : -87; Extra : ,1613897909382,1613897954000,2021-02-21 16:58:29,02/21/2021,2021-02-21 16:58:29.382,2021-02-21 16:59:14.000,F8:CD:AE:9E:8F,f7826da6bc5b71e00806,0806,0806,08,0.037000000000000005,0,L8_R2_LL,8
27503443,1422804,4b5613d41da55b0a,beacon,MacAddress : F8:CD:AE:9E:8F:14; RSSI : -88; Extra : Discovered,1613897920059,1613897954000,2021-02-21 16:58:40,02/21/2021,2021-02-21 16:58:40.059,2021-02-21 16:59:14.000,F8:CD:AE:9E:8F,f7826da6bc5b71e00806,0806,0806,08,0.17795,0,L8_R2_LL,8
27503481,1422806,4b5613d41da55b0a,beacon,MacAddress : F8:CD:AE:9E:8F:14; RSSI : -87; Extra : ,1613897921623,1613897954000,2021-02-21 16:58:41,02/21/2021,2021-02-21 16:58:41.623,2021-02-21 16:59:14.000,F8:CD:AE:9E:8F,f7826da6bc5b71e00806,0806,0806,08,0.02606666666666667,0,L8_R2_LL,8
27503596,1422810,4b5613d41da55b0a,beacon,MacAddress : F8:CD:AE:9E:8F:14; RSSI : -85; Extra : ,1613897924962,1613897954000,2021-02-21 16:58:44,02/21/2021,2021-02-21 16:58:44.962,2021-02-21 16:59:14.000,F8:CD:AE:9E:8F,f7826da6bc5b71e00806,0806,0806,08,0.05565,0,L8_R2_LL,8
27503672,1422813,4b5613d41da55b0a,beacon,MacAddress : F8:CD:AE:9E:8F:14; RSSI : -84; Extra : ,1613897927177,1613897954000,2021-02-21 16:58:47,02/21/2021,2021-02-21 16:58:47.177,2021-02-21 16:59:14.000,F8:CD:AE:9E:8F,f7826da6bc5b71e00806,0806,0806,08,0.03691666666666667,0,L8_R2_LL,8
27503701,1422815,4b5613d41da55b0a,beacon,MacAddress : F8:CD:AE:9E:8F:14; RSSI : -83; Extra : ,1613897928311,1613897954000,2021-02-21 16:58:48,02/21/2021,2021-02-21 16:58:48.311,2021-02-21 16:59:14.000,F8:CD:AE:9E:8F,f7826da6bc5b71e00806,0806,0806,08,0.0189,0,L8_R2_LL,8
27503735,1422817,4b5613d41da55b0a,beacon,MacAddress : F8:CD:AE:9E:8F:14; RSSI : -88; Extra : ,1613897929425,1613897954000,2021-02-21 16:58:49,02/21/2021,2021-02-21 16:58:49.425,2021-02-21 16:59:14.000,F8:CD:AE:9E:8F,f7826da6bc5b71e00806,0806,0806,08,0.01856666666666667,0,L8_R2_LL,8
27503849,1422822,4b5613d41da55b0a,beacon,MacAddress : F8:CD:AE:9E:8F:14; RSSI : -88; Extra : ,1613897932820,1613897954000,2021-02-21 16:58:52,02/21/2021,2021-02-21 16:58:52.820,2021-02-21 16:59:14.000,F8:CD:AE:9E:8F,f7826da6bc5b71e00806,0806,0806,08,0.056583333333333326,0,L8_R2_LL,8
27503887,1422824,4b5613d41da55b0a,beacon,MacAddress : F8:CD:AE:9E:8F:14; RSSI : -81; Extra : ,1613897933926,1613897954000,2021-02-21 16:58:53,02/21/2021,2021-02-21 16:58:53.926,2021-02-21 16:59:14.000,F8:CD:AE:9E:8F,f7826da6bc5b71e00806,0806,0806,08,0.018433333333333336,0,L8_R2_LL,8
27503924,1422826,4b5613d41da55b0a,beacon,MacAddress : F8:CD:AE:9E:8F:14; RSSI : -81; Extra : ,1613897935035,1613897954000,2021-02-21 16:58:55,02/21/2021,2021-02-21 16:58:55.035,2021-02-21 16:59:14.000,F8:CD:AE:9E:8F,f7826da6bc5b71e00806,0806,0806,08,0.01848333333333333,0,L8_R2_LL,8
27503965,1422828,4b5613d41da55b0a,beacon,MacAddress : F8:CD:AE:9E:8F:14; RSSI : -88; Extra : ,1613897936155,1613897954000,2021-02-21 16:58:56,02/21/2021,2021-02-21 16:58:56.155,2021-02-21 16:59:14.000,F8:CD:AE:9E:8F,f7826da6bc5b71e00806,0806,0806,08,0.018666666666666668,0,L8_R2_LL,8
27504002,1422830,4b5613d41da55b0a,beacon,MacAddress : F8:CD:AE:9E:8F:14; RSSI : -93; Extra : ,1613897937285,1613897954000,2021-02-21 16:58:57,02/21/2021,2021-02-21 16:58:57.285,2021-02-21 16:59:14.000,F8:CD:AE:9E:8F,f7826da6bc5b71e00806,0806,0806,08,0.01883333333333333,0,L8_R2_LL,8
27504041,1422832,4b5613d41da55b0a,beacon,MacAddress : F8:CD:AE:9E:8F:14; RSSI : -88; Extra : ,1613897938384,1613897954000,2021-02-21 16:58:58,02/21/2021,2021-02-21 16:58:58.384,2021-02-21 16:59:14.000,F8:CD:AE:9E:8F,f7826da6bc5b71e00806,0806,0806,08,0.01831666666666666,0,L8_R2_LL,8
27504087,1422834,4b5613d41da55b0a,beacon,MacAddress : F8:CD:AE:9E:8F:14; RSSI : -88; Extra : ,1613897939504,1613897954000,2021-02-21 16:58:59,02/21/2021,2021-02-21 16:58:59.504,2021-02-21 16:59:14.000,F8:CD:AE:9E:8F,f7826da6bc5b71e00806,0806,0806,08,0.018666666666666668,0,L8_R2_LL,8
27504127,1422836,4b5613d41da55b0a,beacon,MacAddress : F8:CD:AE:9E:8F:14; RSSI : -87; Extra : ,1613897940624,1613897954000,2021-02-21 16:59:00,02/21/2021,2021-02-21 16:59:00.624,2021-02-21 16:59:14.000,F8:CD:AE:9E:8F,f7826da6bc5b71e00806,0806,0806,08,0.018666666666666668,0,L8_R2_LL,8
27504153,1422838,4b5613d41da55b0a,beacon,MacAddress : F8:CD:AE:9E:8F:14; RSSI : -88; Extra : ,1613897941756,1613897954000,2021-02-21 16:59:01,02/21/2021,2021-02-21 16:59:01.756,2021-02-21 16:59:14.000,F8:CD:AE:9E:8F,f7826da6bc5b71e00806,0806,0806,08,0.018866666666666664,0,L8_R2_LL,8
27504182,1422840,4b5613d41da55b0a,beacon,MacAddress : F8:CD:AE:9E:8F:14; RSSI : -91; Extra : ,1613897942874,1613897954000,2021-02-21 16:59:02,02/21/2021,2021-02-21 16:59:02.874,2021-02-21 16:59:14.000,F8:CD:AE:9E:8F,f7826da6bc5b71e00806,0806,0806,08,0.01863333333333333,0,L8_R2_LL,8
27504209,1422842,4b5613d41da55b0a,beacon,MacAddress : F8:CD:AE:9E:8F:14; RSSI : -94; Extra : ,1613897943976,1613897954000,2021-02-21 16:59:03,02/21/2021,2021-02-21 16:59:03.976,2021-02-21 16:59:14.000,F8:CD:AE:9E:8F,f7826da6bc5b71e00806,0806,0806,08,0.01836666666666667,0,L8_R2_LL,8
27504245,1422844,4b5613d41da55b0a,beacon,MacAddress : F8:CD:AE:9E:8F:14; RSSI : -87; Extra : ,1613897945095,1613897954000,2021-02-21 16:59:05,02/21/2021,2021-02-21 16:59:05.095,2021-02-21 16:59:14.000,F8:CD:AE:9E:8F,f7826da6bc5b71e00806,0806,0806,08,0.01865,0,L8_R2_LL,8
27504288,1422846,4b5613d41da55b0a,beacon,MacAddress : F8:CD:AE:9E:8F:14; RSSI : -87; Extra : ,1613897946230,1613897954000,2021-02-21 16:59:06,02/21/2021,2021-02-21 16:59:06.230,2021-02-21 16:59:14.000,F8:CD:AE:9E:8F,f7826da6bc5b71e00806,0806,0806,08,0.01891666666666667,0,L8_R2_LL,8
27504325,1422848,4b5613d41da55b0a,beacon,MacAddress : F8:CD:AE:9E:8F:14; RSSI : -88; Extra : ,1613897947329,1613897954000,2021-02-21 16:59:07,02/21/2021,2021-02-21 16:59:07.329,2021-02-21 16:59:14.000,F8:CD:AE:9E:8F,f7826da6bc5b71e00806,0806,0806,08,0.01831666666666666,0,L8_R2_LL,8
27504358,1422850,4b5613d41da55b0a,beacon,MacAddress : F8:CD:AE:9E:8F:14; RSSI : -88; Extra : ,1613897948454,1613897954000,2021-02-21 16:59:08,02/21/2021,2021-02-21 16:59:08.454,2021-02-21 16:59:14.000,F8:CD:AE:9E:8F,f7826da6bc5b71e00806,0806,0806,08,0.01875,0,L8_R2_LL,8
27504383,1422852,4b5613d41da55b0a,beacon,MacAddress : F8:CD:AE:9E:8F:14; RSSI : -87; Extra : ,1613897949551,1613897954000,2021-02-21 16:59:09,02/21/2021,2021-02-21 16:59:09.551,2021-02-21 16:59:14.000,F8:CD:AE:9E:8F,f7826da6bc5b71e00806,0806,0806,08,0.01828333333333333,0,L8_R2_LL,8
27504420,1422854,4b5613d41da55b0a,beacon,MacAddress : F8:CD:AE:9E:8F:14; RSSI : -92; Extra : ,1613897950681,1613897954000,2021-02-21 16:59:10,02/21/2021,2021-02-21 16:59:10.681,2021-02-21 16:59:14.000,F8:CD:AE:9E:8F,f7826da6bc5b71e00806,0806,0806,08,0.01883333333333333,0,L8_R2_LL,8
27504457,1422856,4b5613d41da55b0a,beacon,MacAddress : F8:CD:AE:9E:8F:14; RSSI : -91; Extra : ,1613897951797,1613897954000,2021-02-21 16:59:11,02/21/2021,2021-02-21 16:59:11.797,2021-02-21 16:59:14.000,F8:CD:AE:9E:8F,f7826da6bc5b71e00806,0806,0806,08,0.0186,0,L8_R2_LL,8
27504495,1422858,4b5613d41da55b0a,beacon,MacAddress : F8:CD:AE:9E:8F:14; RSSI : -91; Extra : ,1613897952915,1613897954000,2021-02-21 16:59:12,02/21/2021,2021-02-21 16:59:12.915,2021-02-21 16:59:14.000,F8:CD:AE:9E:8F,f7826da6bc5b71e00806,0806,0806,08,0.01863333333333333,0,L8_R2_LL,8
27504531,1537633,4b5613d41da55b0a,beacon,MacAddress : F8:CD:AE:9E:8F:14; RSSI : -90; Extra : ,1613897954027,1613903485000,2021-02-21 16:59:14,02/21/2021,2021-02-21 16:59:14.027,2021-02-21 18:31:25.000,F8:CD:AE:9E:8F,f7826da6bc5b71e00806,0806,0806,08,0.01853333333333334,0,L8_R2_LL,8
27504581,1537635,4b5613d41da55b0a,beacon,MacAddress : F8:CD:AE:9E:8F:14; RSSI : -85; Extra : ,1613897955124,1613903485000,2021-02-21 16:59:15,02/21/2021,2021-02-21 16:59:15.124,2021-02-21 18:31:25.000,F8:CD:AE:9E:8F,f7826da6bc5b71e00806,0806,0806,08,0.01828333333333333,0,L8_R2_LL,8
27504623,1537637,4b5613d41da55b0a,beacon,MacAddress : F8:CD:AE:9E:8F:14; RSSI : -86; Extra : ,1613897956242,1613903485000,2021-02-21 16:59:16,02/21/2021,2021-02-21 16:59:16.242,2021-02-21 18:31:25.000,F8:CD:AE:9E:8F,f7826da6bc5b71e00806,0806,0806,08,0.01863333333333333,0,L8_R2_LL,8
27504661,1537639,4b5613d41da55b0a,beacon,MacAddress : F8:CD:AE:9E:8F:14; RSSI : -87; Extra : ,1613897957351,1613903485000,2021-02-21 16:59:17,02/21/2021,2021-02-21 16:59:17.351,2021-02-21 18:31:25.000,F8:CD:AE:9E:8F,f7826da6bc5b71e00806,0806,0806,08,0.01848333333333333,0,L8_R2_LL,8
27504704,1537642,4b5613d41da55b0a,beacon,MacAddress : F8:CD:AE:9E:8F:14; RSSI : -87; Extra : ,1613897958493,1613903485000,2021-02-21 16:59:18,02/21/2021,2021-02-21 16:59:18.493,2021-02-21 18:31:25.000,F8:CD:AE:9E:8F,f7826da6bc5b71e00806,0806,0806,08,0.019033333333333333,0,L8_R2_LL,8
27504778,1537645,4b5613d41da55b0a,beacon,MacAddress : F8:CD:AE:9E:8F:14; RSSI : -93; Extra : ,1613897960586,1613903485000,2021-02-21 16:59:20,02/21/2021,2021-02-21 16:59:20.586,2021-02-21 18:31:25.000,F8:CD:AE:9E:8F,f7826da6bc5b71e00806,0806,0806,08,0.034883333333333336,0,L8_R2_LL,8
27504817,1537647,4b5613d41da55b0a,beacon,MacAddress : F8:CD:AE:9E:8F:14; RSSI : -97; Extra : ,1613897961696,1613903485000,2021-02-21 16:59:21,02/21/2021,2021-02-21 16:59:21.696,2021-02-21 18:31:25.000,F8:CD:AE:9E:8F,f7826da6bc5b71e00806,0806,0806,08,0.018500000000000003,0,L8_R2_LL,8
27504854,1537649,4b5613d41da55b0a,beacon,MacAddress : F8:CD:AE:9E:8F:14; RSSI : -87; Extra : ,1613897962798,1613903485000,2021-02-21 16:59:22,02/21/2021,2021-02-21 16:59:22.798,2021-02-21 18:31:25.000,F8:CD:AE:9E:8F,f7826da6bc5b71e00806,0806,0806,08,0.01836666666666667,0,L8_R2_LL,8
27504896,1537651,4b5613d41da55b0a,beacon,MacAddress : F8:CD:AE:9E:8F:14; RSSI : -88; Extra : ,1613897963915,1613903485000,2021-02-21 16:59:23,02/21/2021,2021-02-21 16:59:23.915,2021-02-21 18:31:25.000,F8:CD:AE:9E:8F,f7826da6bc5b71e00806,0806,0806,08,0.01861666666666667,0,L8_R2_LL,8
27504935,1537653,4b5613d41da55b0a,beacon,MacAddress : F8:CD:AE:9E:8F:14; RSSI : -90; Extra : ,1613897965021,1613903485000,2021-02-21 16:59:25,02/21/2021,2021-02-21 16:59:25.021,2021-02-21 18:31:25.000,F8:CD:AE:9E:8F,f7826da6bc5b71e00806,0806,0806,08,0.018433333333333336,0,L8_R2_LL,8
27504959,1537655,4b5613d41da55b0a,beacon,MacAddress : F8:CD:AE:9E:8F:14; RSSI : -97; Extra : ,1613897966065,1613903485000,2021-02-21 16:59:26,02/21/2021,2021-02-21 16:59:26.065,2021-02-21 18:31:25.000,F8:CD:AE:9E:8F,f7826da6bc5b71e00806,0806,0806,08,0.017400000000000002,0,L8_R2_LL,8
27504991,1537657,4b5613d41da55b0a,beacon,MacAddress : F8:CD:AE:9E:8F:14; RSSI : -91; Extra : ,1613897967179,1613903485000,2021-02-21 16:59:27,02/21/2021,2021-02-21 16:59:27.179,2021-02-21 18:31:25.000,F8:CD:AE:9E:8F,f7826da6bc5b71e00806,0806,0806,08,0.01856666666666667,0,L8_R2_LL,8
27505029,1537659,4b5613d41da55b0a,beacon,MacAddress : F8:CD:AE:9E:8F:14; RSSI : -85; Extra : ,1613897968282,1613903485000,2021-02-21 16:59:28,02/21/2021,2021-02-21 16:59:28.282,2021-02-21 18:31:25.000,F8:CD:AE:9E:8F,f7826da6bc5b71e00806,0806,0806,08,0.01838333333333333,0,L8_R2_LL,8
27505059,1537661,4b5613d41da55b0a,beacon,MacAddress : F8:CD:AE:9E:8F:14; RSSI : -90; Extra : ,1613897969396,1613903485000,2021-02-21 16:59:29,02/21/2021,2021-02-21 16:59:29.396,2021-02-21 18:31:25.000,F8:CD:AE:9E:8F,f7826da6bc5b71e00806,0806,0806,08,0.01856666666666667,0,L8_R2_LL,8
27505085,1537663,4b5613d41da55b0a,beacon,MacAddress : F8:CD:AE:9E:8F:14; RSSI : -88; Extra : ,1613897970511,1613903485000,2021-02-21 16:59:30,02/21/2021,2021-02-21 16:59:30.511,2021-02-21 18:31:25.000,F8:CD:AE:9E:8F,f7826da6bc5b71e00806,0806,0806,08,0.01858333333333333,0,L8_R2_LL,8
27505114,1537665,4b5613d41da55b0a,beacon,MacAddress : F8:CD:AE:9E:8F:14; RSSI : -90; Extra : ,1613897971635,1613903485000,2021-02-21 16:59:31,02/21/2021,2021-02-21 16:59:31.635,2021-02-21 18:31:25.000,F8:CD:AE:9E:8F,f7826da6bc5b71e00806,0806,0806,08,0.01873333333333333,0,L8_R2_LL,8
27505142,1537667,4b5613d41da55b0a,beacon,MacAddress : F8:CD:AE:9E:8F:14; RSSI : -87; Extra : ,1613897972742,1613903485000,2021-02-21 16:59:32,02/21/2021,2021-02-21 16:59:32.742,2021-02-21 18:31:25.000,F8:CD:AE:9E:8F,f7826da6bc5b71e00806,0806,0806,08,0.01845,0,L8_R2_LL,8
27505168,1537669,4b5613d41da55b0a,beacon,MacAddress : F8:CD:AE:9E:8F:14; RSSI : -87; Extra : ,1613897973867,1613903485000,2021-02-21 16:59:33,02/21/2021,2021-02-21 16:59:33.867,2021-02-21 18:31:25.000,F8:CD:AE:9E:8F,f7826da6bc5b71e00806,0806,0806,08,0.01875,0,L8_R2_LL,8
27505197,1537672,4b5613d41da55b0a,beacon,MacAddress : F8:CD:AE:9E:8F:14; RSSI : -89; Extra : ,1613897974979,1613903485000,2021-02-21 16:59:34,02/21/2021,2021-02-21 16:59:34.979,2021-02-21 18:31:25.000,F8:CD:AE:9E:8F,f7826da6bc5b71e00806,0806,0806,08,0.01853333333333334,0,L8_R2_LL,8
27505230,1537674,4b5613d41da55b0a,beacon,MacAddress : F8:CD:AE:9E:8F:14; RSSI : -90; Extra : ,1613897976097,1613903485000,2021-02-21 16:59:36,02/21/2021,2021-02-21 16:59:36.097,2021-02-21 18:31:25.000,F8:CD:AE:9E:8F,f7826da6bc5b71e00806,0806,0806,08,0.01863333333333333,0,L8_R2_LL,8
27505258,1537676,4b5613d41da55b0a,beacon,MacAddress : F8:CD:AE:9E:8F:14; RSSI : -85; Extra : ,1613897977211,1613903485000,2021-02-21 16:59:37,02/21/2021,2021-02-21 16:59:37.211,2021-02-21 18:31:25.000,F8:CD:AE:9E:8F,f7826da6bc5b71e00806,0806,0806,08,0.01856666666666667,0,L8_R2_LL,8
27505283,1537678,4b5613d41da55b0a,beacon,MacAddress : F8:CD:AE:9E:8F:14; RSSI : -82; Extra : ,1613897978316,1613903485000,2021-02-21 16:59:38,02/21/2021,2021-02-21 16:59:38.316,2021-02-21 18:31:25.000,F8:CD:AE:9E:8F,f7826da6bc5b71e00806,0806,0806,08,0.018416666666666668,0,L8_R2_LL,8
27505314,1537680,4b5613d41da55b0a,beacon,MacAddress : F8:CD:AE:9E:8F:14; RSSI : -85; Extra : ,1613897979437,1613903485000,2021-02-21 16:59:39,02/21/2021,2021-02-21 16:59:39.437,2021-02-21 18:31:25.000,F8:CD:AE:9E:8F,f7826da6bc5b71e00806,0806,0806,08,0.01868333333333333,0,L8_R2_LL,8
27505343,1537682,4b5613d41da55b0a,beacon,MacAddress : F8:CD:AE:9E:8F:14; RSSI : -87; Extra : ,1613897980555,1613903485000,2021-02-21 16:59:40,02/21/2021,2021-02-21 16:59:40.555,2021-02-21 18:31:25.000,F8:CD:AE:9E:8F,f7826da6bc5b71e00806,0806,0806,08,0.01863333333333333,0,L8_R2_LL,8
27505378,1537684,4b5613d41da55b0a,beacon,MacAddress : F8:CD:AE:9E:8F:14; RSSI : -90; Extra : ,1613897981679,1613903485000,2021-02-21 16:59:41,02/21/2021,2021-02-21 16:59:41.679,2021-02-21 18:31:25.000,F8:CD:AE:9E:8F,f7826da6bc5b71e00806,0806,0806,08,0.01873333333333333,0,L8_R2_LL,8
27505408,1537686,4b5613d41da55b0a,beacon,MacAddress : F8:CD:AE:9E:8F:14; RSSI : -83; Extra : ,1613897982783,1613903485000,2021-02-21 16:59:42,02/21/2021,2021-02-21 16:59:42.783,2021-02-21 18:31:25.000,F8:CD:AE:9E:8F,f7826da6bc5b71e00806,0806,0806,08,0.018400000000000003,0,L8_R2_LL,8
27505441,1537688,4b5613d41da55b0a,beacon,MacAddress : F8:CD:AE:9E:8F:14; RSSI : -86; Extra : ,1613897983892,1613903485000,2021-02-21 16:59:43,02/21/2021,2021-02-21 16:59:43.892,2021-02-21 18:31:25.000,F8:CD:AE:9E:8F,f7826da6bc5b71e00806,0806,0806,08,0.01848333333333333,0,L8_R2_LL,8
27505474,1537690,4b5613d41da55b0a,beacon,MacAddress : F8:CD:AE:9E:8F:14; RSSI : -94; Extra : ,1613897985001,1613903485000,2021-02-21 16:59:45,02/21/2021,2021-02-21 16:59:45.001,2021-02-21 18:31:25.000,F8:CD:AE:9E:8F,f7826da6bc5b71e00806,0806,0806,08,0.01848333333333333,0,L8_R2_LL,8
27505498,1537692,4b5613d41da55b0a,beacon,MacAddress : F8:CD:AE:9E:8F:14; RSSI : -92; Extra : ,1613897986127,1613903485000,2021-02-21 16:59:46,02/21/2021,2021-02-21 16:59:46.127,2021-02-21 18:31:25.000,F8:CD:AE:9E:8F,f7826da6bc5b71e00806,0806,0806,08,0.018766666666666664,0,L8_R2_LL,8
27505738,1537701,4b5613d41da55b0a,beacon,MacAddress : F8:CD:AE:9E:8F:14; RSSI : -88; Extra : ,1613897994051,1613903485000,2021-02-21 16:59:54,02/21/2021,2021-02-21 16:59:54.051,2021-02-21 18:31:25.000,F8:CD:AE:9E:8F,f7826da6bc5b71e00806,0806,0806,08,0.13206666666666667,0,L8_R2_LL,8
27505771,1537703,4b5613d41da55b0a,beacon,MacAddress : F8:CD:AE:9E:8F:14; RSSI : -84; Extra : ,1613897995111,1613903485000,2021-02-21 16:59:55,02/21/2021,2021-02-21 16:59:55.111,2021-02-21 18:31:25.000,F8:CD:AE:9E:8F,f7826da6bc5b71e00806,0806,0806,08,0.017666666666666667,0,L8_R2_LL,8
27505805,1537705,4b5613d41da55b0a,beacon,MacAddress : F8:CD:AE:9E:8F:14; RSSI : -91; Extra : ,1613897996208,1613903485000,2021-02-21 16:59:56,02/21/2021,2021-02-21 16:59:56.208,2021-02-21 18:31:25.000,F8:CD:AE:9E:8F,f7826da6bc5b71e00806,0806,0806,08,0.01828333333333333,0,L8_R2_LL,8
33506665,930324,4b5613d41da55b0a,beacon,MacAddress : ED:72:02:AF:50:DA; RSSI : -91; Extra : Discovered,1614066796069,1614068523000,2021-02-23 15:53:16,02/23/2021,2021-02-23 15:53:16.069,2021-02-23 16:22:03.000,ED:72:02:AF:50,f7826da6bc5b71e00110,0110,0110,01,2813.331016666666,1,L1_Entrance_7,1
33506751,930326,4b5613d41da55b0a,beacon,MacAddress : ED:72:02:AF:50:DA; RSSI : -91; Extra : ,1614066797112,1614068523000,2021-02-23 15:53:17,02/23/2021,2021-02-23 15:53:17.112,2021-02-23 16:22:03.000,ED:72:02:AF:50,f7826da6bc5b71e00110,0110,0110,01,0.01738333333333333,1,L1_Entrance_7,1
33507036,930335,4b5613d41da55b0a,beacon,MacAddress : ED:72:02:AF:50:DA; RSSI : -97; Extra : Updated,1614066805313,1614068523000,2021-02-23 15:53:25,02/23/2021,2021-02-23 15:53:25.313,2021-02-23 16:22:03.000,ED:72:02:AF:50,f7826da6bc5b71e00110,0110,0110,01,0.13668333333333335,1,L1_Entrance_7,1
33507720,930345,4b5613d41da55b0a,beacon,MacAddress : ED:72:02:AF:50:DA; RSSI : -84; Extra : ,1614066814694,1614068523000,2021-02-23 15:53:34,02/23/2021,2021-02-23 15:53:34.694,2021-02-23 16:22:03.000,ED:72:02:AF:50,f7826da6bc5b71e00110,0110,0110,01,0.15635000000000002,1,L1_Entrance_7,1
33508497,930356,4b5613d41da55b0a,beacon,MacAddress : ED:72:02:AF:50:DA; RSSI : -82; Extra : ,1614066825866,1614068523000,2021-02-23 15:53:45,02/23/2021,2021-02-23 15:53:45.866,2021-02-23 16:22:03.000,ED:72:02:AF:50,f7826da6bc5b71e00110,0110,0110,01,0.1862,1,L1_Entrance_7,1
33510590,930388,4b5613d41da55b0a,beacon,MacAddress : EC:45:34:A0:33:8D; RSSI : -94; Extra : Discovered,1614066857805,1614068523000,2021-02-23 15:54:17,02/23/2021,2021-02-23 15:54:17.805,2021-02-23 16:22:03.000,EC:45:34:A0:33,f7826da6bc5b71e00116,0116,0116,01,0.5323166666666667,1,L1_CP_zone_1,1
33510641,930391,4b5613d41da55b0a,beacon,MacAddress : EC:45:34:A0:33:8D; RSSI : -92; Extra : ,1614066860463,1614068523000,2021-02-23 15:54:20,02/23/2021,2021-02-23 15:54:20.463,2021-02-23 16:22:03.000,EC:45:34:A0:33,f7826da6bc5b71e00116,0116,0116,01,0.0443,1,L1_CP_zone_1,1
33514110,930454,4b5613d41da55b0a,beacon,MacAddress : E3:EB:5C:98:FE:9D; RSSI : -89; Extra : Discovered,1614066924852,1614068523000,2021-02-23 15:55:24,02/23/2021,2021-02-23 15:55:24.852,2021-02-23 16:22:03.000,E3:EB:5C:98:FE,f7826da6bc5b71e00124,0124,0124,01,1.0731499999999998,1,L1_Entrance_6,1
33514508,930460,4b5613d41da55b0a,beacon,"MacAddress : E3:EB:5C:98:FE:9B; RSSI : -93; Extra : tm_temp=29,tm_ll=27,state=Discovered",1614066929716,1614068523000,2021-02-23 15:55:29,02/23/2021,2021-02-23 15:55:29.716,2021-02-23 16:22:03.000,E3:EB:5C:98:FE,f7826da6bc5b71e00124,0124,0124,01,0.08106666666666666,1,L1_Entrance_6,1
10116614,1986872,4b5613d41da55b0a,beacon,"MacAddress : D1:F9:8C:95:C3:BB; RSSI : -94; Extra : tm_temp=28,tm_ll=1,state=Discovered",1614379565389,1614380393000,2021-02-27 06:46:05,02/27/2021,2021-02-27 06:46:05.389,2021-02-27 06:59:53.000,D1:F9:8C:95:C3,f7826da6bc5b71e00106,0106,0106,01,5210.59455,2,L1_Shop_walkway_2,1
10116641,1986874,4b5613d41da55b0a,beacon,MacAddress : D1:F9:8C:95:C3:BD; RSSI : -89; Extra : Discovered,1614379566656,1614380393000,2021-02-27 06:46:06,02/27/2021,2021-02-27 06:46:06.656,2021-02-27 06:59:53.000,D1:F9:8C:95:C3,f7826da6bc5b71e00106,0106,0106,01,0.021116666666666662,2,L1_Shop_walkway_2,1
10116657,1986876,4b5613d41da55b0a,beacon,MacAddress : D1:F9:8C:95:C3:BD; RSSI : -94; Extra : Updated,1614379567752,1614380393000,2021-02-27 06:46:07,02/27/2021,2021-02-27 06:46:07.752,2021-02-27 06:59:53.000,D1:F9:8C:95:C3,f7826da6bc5b71e00106,0106,0106,01,0.018266666666666667,2,L1_Shop_walkway_2,1
10116670,1986878,4b5613d41da55b0a,beacon,"MacAddress : D1:F9:8C:95:C3:BB; RSSI : -90; Extra : tm_temp=28,tm_ll=1,state=Updated",1614379568487,1614380393000,2021-02-27 06:46:08,02/27/2021,2021-02-27 06:46:08.487,2021-02-27 06:59:53.000,D1:F9:8C:95:C3,f7826da6bc5b71e00106,0106,0106,01,0.01225,2,L1_Shop_walkway_2,1
10116816,1986887,4b5613d41da55b0a,beacon,MacAddress : CE:73:E6:9C:CF:72; RSSI : -98; Extra : Discovered,1614379577950,1614380393000,2021-02-27 06:46:17,02/27/2021,2021-02-27 06:46:17.950,2021-02-27 06:59:53.000,CE:73:E6:9C:CF,f7826da6bc5b71e00107,0107,0107,01,0.15771666666666664,2,L1_Shop_walkway_3,1
10116907,1986894,4b5613d41da55b0a,beacon,MacAddress : D9:F6:2D:65:48:1C; RSSI : -96; Extra : Discovered,1614379583707,1614380393000,2021-02-27 06:46:23,02/27/2021,2021-02-27 06:46:23.707,2021-02-27 06:59:53.000,D9:F6:2D:65:48,f7826da6bc5b71e0b103,b103,b103,b1,0.09595,2,B1_Supermarket_entrance_1,b1
10120769,1987032,4b5613d41da55b0a,beacon,MacAddress : ED:72:02:AF:50:DA; RSSI : -94; Extra : Discovered,1614379831448,1614380394000,2021-02-27 06:50:31,02/27/2021,2021-02-27 06:50:31.448,2021-02-27 06:59:54.000,ED:72:02:AF:50,f7826da6bc5b71e00110,0110,0110,01,4.129016666666667,2,L1_Entrance_7,1
10120866,1987037,4b5613d41da55b0a,beacon,"MacAddress : ED:72:02:AF:50:D8; RSSI : -93; Extra : tm_temp=27,tm_ll=0,state=Discovered",1614379836279,1614380394000,2021-02-27 06:50:36,02/27/2021,2021-02-27 06:50:36.279,2021-02-27 06:59:54.000,ED:72:02:AF:50,f7826da6bc5b71e00110,0110,0110,01,0.08051666666666668,2,L1_Entrance_7,1
10121608,1987070,4b5613d41da55b0a,beacon,MacAddress : EC:45:34:A0:33:8D; RSSI : -96; Extra : Discovered,1614379877352,1614380394000,2021-02-27 06:51:17,02/27/2021,2021-02-27 06:51:17.352,2021-02-27 06:59:54.000,EC:45:34:A0:33,f7826da6bc5b71e00116,0116,0116,01,0.68455,2,L1_CP_zone_1,1
10315410,89543,4b5613d41da55b0a,beacon,MacAddress : E1:F1:5E:56:CB:E8; RSSI : -93; Extra : Discovered,1614390433510,1614390755000,2021-02-27 09:47:13,02/27/2021,2021-02-27 09:47:13.510,2021-02-27 09:52:35.000,E1:F1:5E:56:CB,f7826da6bc5b71e00127,0127,0127,01,175.93596666666664,3,L1_Thoroughfare,1
10315440,89545,4b5613d41da55b0a,beacon,MacAddress : D1:76:80:C7:EE:DF; RSSI : -93; Extra : Discovered,1614390434790,1614390755000,2021-02-27 09:47:14,02/27/2021,2021-02-27 09:47:14.790,2021-02-27 09:52:35.000,D1:76:80:C7:EE,f7826da6bc5b71e00126,0126,0126,01,0.021333333333333333,3,L1_PG,1
10315461,89548,4b5613d41da55b0a,beacon,"MacAddress : D1:76:80:C7:EE:DD; RSSI : -94; Extra : tm_temp=26,tm_ll=57,state=Discovered",1614390436057,1614390755000,2021-02-27 09:47:16,02/27/2021,2021-02-27 09:47:16.057,2021-02-27 09:52:35.000,D1:76:80:C7:EE,f7826da6bc5b71e00126,0126,0126,01,0.021116666666666662,3,L1_PG,1
10315606,89555,4b5613d41da55b0a,beacon,MacAddress : E1:F1:5E:56:CB:E8; RSSI : -95; Extra : Updated,1614390443070,1614390755000,2021-02-27 09:47:23,02/27/2021,2021-02-27 09:47:23.070,2021-02-27 09:52:35.000,E1:F1:5E:56:CB,f7826da6bc5b71e00127,0127,0127,01,0.11688333333333333,3,L1_Thoroughfare,1
10315607,89556,4b5613d41da55b0a,beacon,MacAddress : D1:76:80:C7:EE:DF; RSSI : -93; Extra : Updated,1614390443099,1614390755000,2021-02-27 09:47:23,02/27/2021,2021-02-27 09:47:23.099,2021-02-27 09:52:35.000,D1:76:80:C7:EE,f7826da6bc5b71e00126,0126,0126,01,0.0004833333333333333,3,L1_PG,1
10315650,89559,4b5613d41da55b0a,beacon,"MacAddress : D1:76:80:C7:EE:DD; RSSI : -97; Extra : tm_temp=26,tm_ll=57,state=Updated",1614390445225,1614390755000,2021-02-27 09:47:25,02/27/2021,2021-02-27 09:47:25.225,2021-02-27 09:52:35.000,D1:76:80:C7:EE,f7826da6bc5b71e00126,0126,0126,01,0.03543333333333333,3,L1_PG,1
10315657,89561,4b5613d41da55b0a,beacon,"MacAddress : E1:F1:5E:56:CB:E6; RSSI : -91; Extra : tm_temp=26,tm_ll=28,state=Discovered",1614390445438,1614390755000,2021-02-27 09:47:25,02/27/2021,2021-02-27 09:47:25.438,2021-02-27 09:52:35.000,E1:F1:5E:56:CB,f7826da6bc5b71e00127,0127,0127,01,0.00355,3,L1_Thoroughfare,1
10316044,89580,4b5613d41da55b0a,beacon,MacAddress : FE:4F:A8:B9:F6:B4; RSSI : -97; Extra : Discovered,1614390464570,1614390755000,2021-02-27 09:47:44,02/27/2021,2021-02-27 09:47:44.570,2021-02-27 09:52:35.000,FE:4F:A8:B9:F6,f7826da6bc5b71e00124,0124,0124,01,0.3188666666666667,3,L1_Entrance_6,1
10316068,89582,4b5613d41da55b0a,beacon,"MacAddress : FE:4F:A8:B9:F6:B2; RSSI : -96; Extra : tm_temp=26,tm_ll=20,state=Discovered",1614390465841,1614390755000,2021-02-27 09:47:45,02/27/2021,2021-02-27 09:47:45.841,2021-02-27 09:52:35.000,FE:4F:A8:B9:F6,f7826da6bc5b71e00124,0124,0124,01,0.02118333333333333,3,L1_Entrance_6,1
10316677,89611,4b5613d41da55b0a,beacon,MacAddress : E1:F1:5E:56:CB:E8; RSSI : -94; Extra : Discovered,1614390494563,1614390755000,2021-02-27 09:48:14,02/27/2021,2021-02-27 09:48:14.563,2021-02-27 09:52:35.000,E1:F1:5E:56:CB,f7826da6bc5b71e00127,0127,0127,01,0.4787,3,L1_Thoroughfare,1
10316708,89613,4b5613d41da55b0a,beacon,"MacAddress : E1:F1:5E:56:CB:E6; RSSI : -93; Extra : tm_temp=26,tm_ll=26,state=Discovered",1614390496010,1614390755000,2021-02-27 09:48:16,02/27/2021,2021-02-27 09:48:16.010,2021-02-27 09:52:35.000,E1:F1:5E:56:CB,f7826da6bc5b71e00127,0127,0127,01,0.024116666666666668,3,L1_Thoroughfare,1
